Index,Original Name,New Name,Service Type,Section,Location,Alt Text,Current Size (KB),Priority
1,"6385881d75a0bd6211745bec_BlueLawns_Logo-01-p-500.png","blue-lawns-ocean-view-lawn-care-service-1.webp","lawn-care","service","ocean-view","Professional lawn care and maintenance services by Blue Lawns in Ocean View, Cape May County",14.7,MEDIUM
2,"6385881d75a0bd6211745bec_BlueLawns_Logo-01.png","blue-lawns-cape-may-lawn-care-service-2.webp","lawn-care","service","cape-may","Professional lawn care and maintenance services by Blue Lawns in Cape May, Cape May County",17.5,MEDIUM
3,"6385eb0acfc9c46d500ef095_IMG_2082-p-1080.jpg","blue-lawns-avalon-generic-service-3.webp","generic","service","avalon","Blue Lawns outdoor property care and landscaping services in Avalon, Cape May County",74.0,MEDIUM
4,"6385eb0acfc9c46d500ef095_IMG_2082-p-500.jpg","blue-lawns-stone-harbor-generic-service-4.webp","generic","service","stone-harbor","Blue Lawns outdoor property care and landscaping services in Stone Harbor, Cape May County",24.4,MEDIUM
5,"6385eb0acfc9c46d500ef095_IMG_2082-p-800.jpg","blue-lawns-sea-isle-city-generic-service-5.webp","generic","service","sea-isle-city","Blue Lawns outdoor property care and landscaping services in Sea Isle City, Cape May County",47.7,MEDIUM
6,"6385eb0acfc9c46d500ef095_IMG_2082.jpg","blue-lawns-wildwood-generic-service-6.webp","generic","service","wildwood","Blue Lawns outdoor property care and landscaping services in Wildwood, Cape May County",78.4,MEDIUM
7,"6385eb0afaed180dcd68e55d_IMG_2081-p-1080.jpg","blue-lawns-wildwood-crest-generic-service-7.webp","generic","service","wildwood-crest","Blue Lawns outdoor property care and landscaping services in Wildwood Crest, Cape May County",105.5,MEDIUM
8,"6385eb0afaed180dcd68e55d_IMG_2081-p-500.jpg","blue-lawns-north-wildwood-generic-service-8.webp","generic","service","north-wildwood","Blue Lawns outdoor property care and landscaping services in North Wildwood, Cape May County",31.4,MEDIUM
9,"6385eb0afaed180dcd68e55d_IMG_2081-p-800.jpg","blue-lawns-cape-may-court-house-generic-service-9.webp","generic","service","cape-may-court-house","Blue Lawns outdoor property care and landscaping services in Cape May Court House, Cape May County",65.6,MEDIUM
10,"6385eb0afaed180dcd68e55d_IMG_2081.jpg","blue-lawns-rio-grande-generic-service-10.webp","generic","service","rio-grande","Blue Lawns outdoor property care and landscaping services in Rio Grande, Cape May County",124.4,MEDIUM
11,"6385eb0b60f0441889eda803_IMG_2079-p-1080.jpg","blue-lawns-ocean-view-generic-service-11.webp","generic","service","ocean-view","Blue Lawns outdoor property care and landscaping services in Ocean View, Cape May County",117.2,MEDIUM
12,"6385eb0b60f0441889eda803_IMG_2079-p-500.jpg","blue-lawns-cape-may-generic-service-12.webp","generic","service","cape-may","Blue Lawns outdoor property care and landscaping services in Cape May, Cape May County",36.7,MEDIUM
13,"6385eb0b60f0441889eda803_IMG_2079-p-800.jpg","blue-lawns-avalon-generic-service-13.webp","generic","service","avalon","Blue Lawns outdoor property care and landscaping services in Avalon, Cape May County",74.7,MEDIUM
14,"6385eb0b60f0441889eda803_IMG_2079.jpg","blue-lawns-stone-harbor-generic-service-14.webp","generic","service","stone-harbor","Blue Lawns outdoor property care and landscaping services in Stone Harbor, Cape May County",135.3,MEDIUM
15,"6385eb0b60f044f745eda804_IMG_2078-p-1080.jpg","blue-lawns-sea-isle-city-generic-service-15.webp","generic","service","sea-isle-city","Blue Lawns outdoor property care and landscaping services in Sea Isle City, Cape May County",187.8,MEDIUM
16,"6385eb0b60f044f745eda804_IMG_2078-p-500.jpg","blue-lawns-wildwood-generic-service-16.webp","generic","service","wildwood","Blue Lawns outdoor property care and landscaping services in Wildwood, Cape May County",47.7,MEDIUM
17,"6385eb0b60f044f745eda804_IMG_2078-p-800.jpg","blue-lawns-wildwood-crest-generic-service-17.webp","generic","service","wildwood-crest","Blue Lawns outdoor property care and landscaping services in Wildwood Crest, Cape May County",109.9,MEDIUM
18,"6385eb0b60f044f745eda804_IMG_2078.jpg","blue-lawns-north-wildwood-generic-service-18.webp","generic","service","north-wildwood","Blue Lawns outdoor property care and landscaping services in North Wildwood, Cape May County",235.1,MEDIUM
19,"6385eb0baa1d026092041bac_IMG_2080-p-1080.jpg","blue-lawns-cape-may-court-house-generic-service-19.webp","generic","service","cape-may-court-house","Blue Lawns outdoor property care and landscaping services in Cape May Court House, Cape May County",104.2,MEDIUM
20,"6385eb0baa1d026092041bac_IMG_2080-p-500.jpg","blue-lawns-rio-grande-generic-service-20.webp","generic","service","rio-grande","Blue Lawns outdoor property care and landscaping services in Rio Grande, Cape May County",33.5,MEDIUM
21,"6385eb0baa1d026092041bac_IMG_2080-p-800.jpg","blue-lawns-ocean-view-generic-service-21.webp","generic","service","ocean-view","Blue Lawns outdoor property care and landscaping services in Ocean View, Cape May County",67.1,MEDIUM
22,"6385eb0baa1d026092041bac_IMG_2080.jpg","blue-lawns-cape-may-generic-service-22.webp","generic","service","cape-may","Blue Lawns outdoor property care and landscaping services in Cape May, Cape May County",116.4,MEDIUM
23,"6385eb0bcdea476fbbf727a6_IMG_2085-p-1080.jpg","blue-lawns-avalon-generic-service-23.webp","generic","service","avalon","Blue Lawns outdoor property care and landscaping services in Avalon, Cape May County",136.6,MEDIUM
24,"6385eb0bcdea476fbbf727a6_IMG_2085-p-500.jpg","blue-lawns-stone-harbor-generic-service-24.webp","generic","service","stone-harbor","Blue Lawns outdoor property care and landscaping services in Stone Harbor, Cape May County",47.2,MEDIUM
25,"6385eb0bcdea476fbbf727a6_IMG_2085-p-800.jpg","blue-lawns-sea-isle-city-generic-service-25.webp","generic","service","sea-isle-city","Blue Lawns outdoor property care and landscaping services in Sea Isle City, Cape May County",89.6,MEDIUM
26,"6385eb0bcdea476fbbf727a6_IMG_2085.jpg","blue-lawns-wildwood-generic-service-26.webp","generic","service","wildwood","Blue Lawns outdoor property care and landscaping services in Wildwood, Cape May County",143.6,MEDIUM
27,"6385eb0bd1cb2c105b079b00_IMG_2083-p-1080.jpg","blue-lawns-wildwood-crest-generic-service-27.webp","generic","service","wildwood-crest","Blue Lawns outdoor property care and landscaping services in Wildwood Crest, Cape May County",99.6,MEDIUM
28,"6385eb0bd1cb2c105b079b00_IMG_2083-p-500.jpg","blue-lawns-north-wildwood-generic-service-28.webp","generic","service","north-wildwood","Blue Lawns outdoor property care and landscaping services in North Wildwood, Cape May County",31.5,MEDIUM
29,"6385eb0bd1cb2c105b079b00_IMG_2083-p-800.jpg","blue-lawns-cape-may-court-house-generic-service-29.webp","generic","service","cape-may-court-house","Blue Lawns outdoor property care and landscaping services in Cape May Court House, Cape May County",63.5,MEDIUM
30,"6385eb0bd1cb2c105b079b00_IMG_2083.jpg","blue-lawns-rio-grande-generic-service-30.webp","generic","service","rio-grande","Blue Lawns outdoor property care and landscaping services in Rio Grande, Cape May County",113.2,MEDIUM
31,"6385ec937ae48d6dfe1b47ea_favicon.png","blue-lawns-ocean-view-generic-service-31.webp","generic","service","ocean-view","Blue Lawns outdoor property care and landscaping services in Ocean View, Cape May County",0.9,MEDIUM
32,"6385ec969c46e1e9d917c01a_webclip.png","blue-lawns-cape-may-generic-service-32.webp","generic","service","cape-may","Blue Lawns outdoor property care and landscaping services in Cape May, Cape May County",8.9,MEDIUM
33,"6386b33f02482e970932a641_Facebook%20F.svg","blue-lawns-avalon-generic-service-33.webp","generic","service","avalon","Blue Lawns outdoor property care and landscaping services in Avalon, Cape May County",1.2,MEDIUM
34,"6386b33fac142f83a87f0179_Instagram.svg","blue-lawns-stone-harbor-generic-service-34.webp","generic","service","stone-harbor","Blue Lawns outdoor property care and landscaping services in Stone Harbor, Cape May County",2.0,MEDIUM
35,"646f32929ff0d7324bcaa0a8_Sunpatiens-p-500.png","blue-lawns-sea-isle-city-generic-service-35.webp","generic","service","sea-isle-city","Blue Lawns outdoor property care and landscaping services in Sea Isle City, Cape May County",133.1,MEDIUM
36,"646f32929ff0d7324bcaa0a8_Sunpatiens-p-800.png","blue-lawns-wildwood-generic-service-36.webp","generic","service","wildwood","Blue Lawns outdoor property care and landscaping services in Wildwood, Cape May County",284.2,MEDIUM
37,"646f32929ff0d7324bcaa0a8_Sunpatiens.png","blue-lawns-wildwood-crest-generic-service-37.webp","generic","service","wildwood-crest","Blue Lawns outdoor property care and landscaping services in Wildwood Crest, Cape May County",1597.8,MEDIUM
38,"647ce694c6f37cdf53f45d1f_Sunpatiens-p-500.jpg","blue-lawns-north-wildwood-generic-service-38.webp","generic","service","north-wildwood","Blue Lawns outdoor property care and landscaping services in North Wildwood, Cape May County",52.5,MEDIUM
39,"647ce694c6f37cdf53f45d1f_Sunpatiens.jpg","blue-lawns-cape-may-court-house-generic-service-39.webp","generic","service","cape-may-court-house","Blue Lawns outdoor property care and landscaping services in Cape May Court House, Cape May County",145.0,MEDIUM
40,"64918d7f8a5331c19b0fb885_unnamed%20(1)-p-1080.jpg","blue-lawns-rio-grande-generic-service-40.webp","generic","service","rio-grande","Blue Lawns outdoor property care and landscaping services in Rio Grande, Cape May County",122.2,MEDIUM
41,"64918d7f8a5331c19b0fb885_unnamed%20(1)-p-500.jpg","blue-lawns-ocean-view-generic-service-41.webp","generic","service","ocean-view","Blue Lawns outdoor property care and landscaping services in Ocean View, Cape May County",35.7,MEDIUM
42,"64918d7f8a5331c19b0fb885_unnamed%20(1)-p-800.jpg","blue-lawns-cape-may-generic-service-42.webp","generic","service","cape-may","Blue Lawns outdoor property care and landscaping services in Cape May, Cape May County",75.4,MEDIUM
43,"64918d7f8a5331c19b0fb885_unnamed%20(1).jpg","blue-lawns-avalon-generic-service-43.webp","generic","service","avalon","Blue Lawns outdoor property care and landscaping services in Avalon, Cape May County",147.8,MEDIUM
44,"649aa1dfe41130fb2fe749e7_1.png","blue-lawns-stone-harbor-generic-service-44.webp","generic","service","stone-harbor","Blue Lawns outdoor property care and landscaping services in Stone Harbor, Cape May County",1820.0,MEDIUM
45,"649aa2129b2fc2fc3ec7bbf3_2.png","blue-lawns-sea-isle-city-generic-service-45.webp","generic","service","sea-isle-city","Blue Lawns outdoor property care and landscaping services in Sea Isle City, Cape May County",1493.8,MEDIUM
46,"649aa224380515dfba9284ae_3.png","blue-lawns-wildwood-generic-service-46.webp","generic","service","wildwood","Blue Lawns outdoor property care and landscaping services in Wildwood, Cape May County",1980.4,MEDIUM
47,"649aa3bca5693efdd921366f_Untitled%20design%20(10)-p-1080.png","blue-lawns-wildwood-crest-generic-service-47.webp","generic","service","wildwood-crest","Blue Lawns outdoor property care and landscaping services in Wildwood Crest, Cape May County",110.3,MEDIUM
48,"649aa3bca5693efdd921366f_Untitled%20design%20(10)-p-1600.png","blue-lawns-north-wildwood-generic-service-48.webp","generic","service","north-wildwood","Blue Lawns outdoor property care and landscaping services in North Wildwood, Cape May County",226.4,MEDIUM
49,"649aa3bca5693efdd921366f_Untitled%20design%20(10)-p-2000.png","blue-lawns-cape-may-court-house-generic-service-49.webp","generic","service","cape-may-court-house","Blue Lawns outdoor property care and landscaping services in Cape May Court House, Cape May County",335.8,MEDIUM
50,"649aa3bca5693efdd921366f_Untitled%20design%20(10)-p-500.png","blue-lawns-rio-grande-generic-service-50.webp","generic","service","rio-grande","Blue Lawns outdoor property care and landscaping services in Rio Grande, Cape May County",28.7,MEDIUM
51,"649aa3bca5693efdd921366f_Untitled%20design%20(10)-p-800.png","blue-lawns-ocean-view-generic-service-51.webp","generic","service","ocean-view","Blue Lawns outdoor property care and landscaping services in Ocean View, Cape May County",64.8,MEDIUM
52,"649aa3bca5693efdd921366f_Untitled%20design%20(10).png","blue-lawns-cape-may-generic-service-52.webp","generic","service","cape-may","Blue Lawns outdoor property care and landscaping services in Cape May, Cape May County",1462.5,MEDIUM
53,"64b0499ac33982116aea34f6_1-p-1080.png","blue-lawns-avalon-generic-service-53.webp","generic","service","avalon","Blue Lawns outdoor property care and landscaping services in Avalon, Cape May County",508.0,MEDIUM
54,"64b0499ac33982116aea34f6_1-p-500.png","blue-lawns-stone-harbor-generic-service-54.webp","generic","service","stone-harbor","Blue Lawns outdoor property care and landscaping services in Stone Harbor, Cape May County",117.0,MEDIUM
55,"64b0499ac33982116aea34f6_1-p-800.png","blue-lawns-sea-isle-city-generic-service-55.webp","generic","service","sea-isle-city","Blue Lawns outdoor property care and landscaping services in Sea Isle City, Cape May County",288.3,MEDIUM
56,"64b0499ac33982116aea34f6_1.png","blue-lawns-wildwood-generic-service-56.webp","generic","service","wildwood","Blue Lawns outdoor property care and landscaping services in Wildwood, Cape May County",1691.3,MEDIUM
57,"64b04a2557bb31b53ba237b5_2.png","blue-lawns-wildwood-crest-generic-service-57.webp","generic","service","wildwood-crest","Blue Lawns outdoor property care and landscaping services in Wildwood Crest, Cape May County",2139.5,MEDIUM
58,"64e2e7bda4fc44bcac726a8b_2989%201st%20(16%20of%2025)-p-1080.jpg","blue-lawns-north-wildwood-generic-service-58.webp","generic","service","north-wildwood","Blue Lawns outdoor property care and landscaping services in North Wildwood, Cape May County",229.8,MEDIUM
59,"64e2e7bda4fc44bcac726a8b_2989%201st%20(16%20of%2025)-p-1600.jpg","blue-lawns-cape-may-court-house-generic-service-59.webp","generic","service","cape-may-court-house","Blue Lawns outdoor property care and landscaping services in Cape May Court House, Cape May County",463.7,MEDIUM
60,"64e2e7bda4fc44bcac726a8b_2989%201st%20(16%20of%2025)-p-2000.jpg","blue-lawns-rio-grande-generic-service-60.webp","generic","service","rio-grande","Blue Lawns outdoor property care and landscaping services in Rio Grande, Cape May County",673.1,MEDIUM
61,"64e2e7bda4fc44bcac726a8b_2989%201st%20(16%20of%2025)-p-2600.jpg","blue-lawns-ocean-view-generic-service-61.webp","generic","service","ocean-view","Blue Lawns outdoor property care and landscaping services in Ocean View, Cape May County",1041.7,MEDIUM
62,"64e2e7bda4fc44bcac726a8b_2989%201st%20(16%20of%2025)-p-3200.jpg","blue-lawns-cape-may-generic-service-62.webp","generic","service","cape-may","Blue Lawns outdoor property care and landscaping services in Cape May, Cape May County",1456.7,MEDIUM
63,"64e2e7bda4fc44bcac726a8b_2989%201st%20(16%20of%2025)-p-500.jpg","blue-lawns-avalon-generic-service-63.webp","generic","service","avalon","Blue Lawns outdoor property care and landscaping services in Avalon, Cape May County",54.6,MEDIUM
64,"64e2e7bda4fc44bcac726a8b_2989%201st%20(16%20of%2025)-p-800.jpg","blue-lawns-stone-harbor-generic-service-64.webp","generic","service","stone-harbor","Blue Lawns outdoor property care and landscaping services in Stone Harbor, Cape May County",129.5,MEDIUM
65,"64e2e7bda4fc44bcac726a8b_2989%201st%20(16%20of%2025).jpg","blue-lawns-sea-isle-city-generic-service-65.webp","generic","service","sea-isle-city","Blue Lawns outdoor property care and landscaping services in Sea Isle City, Cape May County",1717.1,MEDIUM
66,"64e2e7be30141b99cd0e4ffc_2989%201st%20(11%20of%2025)-p-1080.jpg","blue-lawns-wildwood-generic-service-66.webp","generic","service","wildwood","Blue Lawns outdoor property care and landscaping services in Wildwood, Cape May County",228.6,MEDIUM
67,"64e2e7be30141b99cd0e4ffc_2989%201st%20(11%20of%2025)-p-1600.jpg","blue-lawns-wildwood-crest-generic-service-67.webp","generic","service","wildwood-crest","Blue Lawns outdoor property care and landscaping services in Wildwood Crest, Cape May County",474.1,MEDIUM
68,"64e2e7be30141b99cd0e4ffc_2989%201st%20(11%20of%2025)-p-2000.jpg","blue-lawns-north-wildwood-generic-service-68.webp","generic","service","north-wildwood","Blue Lawns outdoor property care and landscaping services in North Wildwood, Cape May County",702.2,MEDIUM
69,"64e2e7be30141b99cd0e4ffc_2989%201st%20(11%20of%2025)-p-2600.jpg","blue-lawns-cape-may-court-house-generic-service-69.webp","generic","service","cape-may-court-house","Blue Lawns outdoor property care and landscaping services in Cape May Court House, Cape May County",1095.0,MEDIUM
70,"64e2e7be30141b99cd0e4ffc_2989%201st%20(11%20of%2025)-p-3200.jpg","blue-lawns-rio-grande-generic-service-70.webp","generic","service","rio-grande","Blue Lawns outdoor property care and landscaping services in Rio Grande, Cape May County",1519.2,MEDIUM
71,"64e2e7be30141b99cd0e4ffc_2989%201st%20(11%20of%2025)-p-500.jpg","blue-lawns-ocean-view-generic-service-71.webp","generic","service","ocean-view","Blue Lawns outdoor property care and landscaping services in Ocean View, Cape May County",53.4,MEDIUM
72,"64e2e7be30141b99cd0e4ffc_2989%201st%20(11%20of%2025)-p-800.jpg","blue-lawns-cape-may-generic-service-72.webp","generic","service","cape-may","Blue Lawns outdoor property care and landscaping services in Cape May, Cape May County",126.8,MEDIUM
73,"64e2e7be30141b99cd0e4ffc_2989%201st%20(11%20of%2025).jpg","blue-lawns-avalon-generic-service-73.webp","generic","service","avalon","Blue Lawns outdoor property care and landscaping services in Avalon, Cape May County",1767.5,MEDIUM
74,"64e2e7bed2653e49f2357c2d_2989%201st%20(18%20of%2025)-p-1080.jpg","blue-lawns-stone-harbor-generic-service-74.webp","generic","service","stone-harbor","Blue Lawns outdoor property care and landscaping services in Stone Harbor, Cape May County",206.2,MEDIUM
75,"64e2e7bed2653e49f2357c2d_2989%201st%20(18%20of%2025)-p-1600.jpg","blue-lawns-sea-isle-city-generic-service-75.webp","generic","service","sea-isle-city","Blue Lawns outdoor property care and landscaping services in Sea Isle City, Cape May County",429.5,MEDIUM
76,"64e2e7bed2653e49f2357c2d_2989%201st%20(18%20of%2025)-p-2000.jpg","blue-lawns-wildwood-generic-service-76.webp","generic","service","wildwood","Blue Lawns outdoor property care and landscaping services in Wildwood, Cape May County",640.2,MEDIUM
77,"64e2e7bed2653e49f2357c2d_2989%201st%20(18%20of%2025)-p-2600.jpg","blue-lawns-wildwood-crest-generic-service-77.webp","generic","service","wildwood-crest","Blue Lawns outdoor property care and landscaping services in Wildwood Crest, Cape May County",1003.9,MEDIUM
78,"64e2e7bed2653e49f2357c2d_2989%201st%20(18%20of%2025)-p-3200.jpg","blue-lawns-north-wildwood-generic-service-78.webp","generic","service","north-wildwood","Blue Lawns outdoor property care and landscaping services in North Wildwood, Cape May County",1407.1,MEDIUM
79,"64e2e7bed2653e49f2357c2d_2989%201st%20(18%20of%2025)-p-500.jpg","blue-lawns-cape-may-court-house-generic-service-79.webp","generic","service","cape-may-court-house","Blue Lawns outdoor property care and landscaping services in Cape May Court House, Cape May County",47.1,MEDIUM
80,"64e2e7bed2653e49f2357c2d_2989%201st%20(18%20of%2025)-p-800.jpg","blue-lawns-rio-grande-generic-service-80.webp","generic","service","rio-grande","Blue Lawns outdoor property care and landscaping services in Rio Grande, Cape May County",115.1,MEDIUM
81,"64e2e7bed2653e49f2357c2d_2989%201st%20(18%20of%2025).jpg","blue-lawns-ocean-view-generic-service-81.webp","generic","service","ocean-view","Blue Lawns outdoor property care and landscaping services in Ocean View, Cape May County",2009.0,MEDIUM
82,"64e2e7bf1d1c34380e79a058_8904%202nd%20(1%20of%2019)-p-1080.jpg","blue-lawns-cape-may-generic-service-82.webp","generic","service","cape-may","Blue Lawns outdoor property care and landscaping services in Cape May, Cape May County",207.1,MEDIUM
83,"64e2e7bf1d1c34380e79a058_8904%202nd%20(1%20of%2019)-p-1600.jpg","blue-lawns-avalon-generic-service-83.webp","generic","service","avalon","Blue Lawns outdoor property care and landscaping services in Avalon, Cape May County",438.4,MEDIUM
84,"64e2e7bf1d1c34380e79a058_8904%202nd%20(1%20of%2019)-p-2000.jpg","blue-lawns-stone-harbor-generic-service-84.webp","generic","service","stone-harbor","Blue Lawns outdoor property care and landscaping services in Stone Harbor, Cape May County",653.7,MEDIUM
85,"64e2e7bf1d1c34380e79a058_8904%202nd%20(1%20of%2019)-p-2600.jpg","blue-lawns-sea-isle-city-generic-service-85.webp","generic","service","sea-isle-city","Blue Lawns outdoor property care and landscaping services in Sea Isle City, Cape May County",1057.8,MEDIUM
86,"64e2e7bf1d1c34380e79a058_8904%202nd%20(1%20of%2019)-p-3200.jpg","blue-lawns-wildwood-generic-service-86.webp","generic","service","wildwood","Blue Lawns outdoor property care and landscaping services in Wildwood, Cape May County",1501.0,MEDIUM
87,"64e2e7bf1d1c34380e79a058_8904%202nd%20(1%20of%2019)-p-500.jpg","blue-lawns-wildwood-crest-generic-service-87.webp","generic","service","wildwood-crest","Blue Lawns outdoor property care and landscaping services in Wildwood Crest, Cape May County",48.4,MEDIUM
88,"64e2e7bf1d1c34380e79a058_8904%202nd%20(1%20of%2019)-p-800.jpg","blue-lawns-north-wildwood-generic-service-88.webp","generic","service","north-wildwood","Blue Lawns outdoor property care and landscaping services in North Wildwood, Cape May County",119.0,MEDIUM
89,"64e2e7bf1d1c34380e79a058_8904%202nd%20(1%20of%2019).jpg","blue-lawns-cape-may-court-house-generic-service-89.webp","generic","service","cape-may-court-house","Blue Lawns outdoor property care and landscaping services in Cape May Court House, Cape May County",3618.8,MEDIUM
90,"64e2e7bfe41da63fe4a61ff9_2989%201st%20(22%20of%2025)-p-1080.jpg","blue-lawns-rio-grande-generic-service-90.webp","generic","service","rio-grande","Blue Lawns outdoor property care and landscaping services in Rio Grande, Cape May County",187.5,MEDIUM
91,"64e2e7bfe41da63fe4a61ff9_2989%201st%20(22%20of%2025)-p-1600.jpg","blue-lawns-ocean-view-generic-service-91.webp","generic","service","ocean-view","Blue Lawns outdoor property care and landscaping services in Ocean View, Cape May County",416.9,MEDIUM
92,"64e2e7bfe41da63fe4a61ff9_2989%201st%20(22%20of%2025)-p-2000.jpg","blue-lawns-cape-may-generic-service-92.webp","generic","service","cape-may","Blue Lawns outdoor property care and landscaping services in Cape May, Cape May County",648.3,MEDIUM
93,"64e2e7bfe41da63fe4a61ff9_2989%201st%20(22%20of%2025)-p-2600.jpg","blue-lawns-avalon-generic-service-93.webp","generic","service","avalon","Blue Lawns outdoor property care and landscaping services in Avalon, Cape May County",1062.8,MEDIUM
94,"64e2e7bfe41da63fe4a61ff9_2989%201st%20(22%20of%2025)-p-3200.jpg","blue-lawns-stone-harbor-generic-service-94.webp","generic","service","stone-harbor","Blue Lawns outdoor property care and landscaping services in Stone Harbor, Cape May County",1555.5,MEDIUM
95,"64e2e7bfe41da63fe4a61ff9_2989%201st%20(22%20of%2025)-p-500.jpg","blue-lawns-sea-isle-city-generic-service-95.webp","generic","service","sea-isle-city","Blue Lawns outdoor property care and landscaping services in Sea Isle City, Cape May County",40.6,MEDIUM
96,"64e2e7bfe41da63fe4a61ff9_2989%201st%20(22%20of%2025)-p-800.jpg","blue-lawns-wildwood-generic-service-96.webp","generic","service","wildwood","Blue Lawns outdoor property care and landscaping services in Wildwood, Cape May County",104.7,MEDIUM
97,"64e2e7bfe41da63fe4a61ff9_2989%201st%20(22%20of%2025).jpg","blue-lawns-wildwood-crest-generic-service-97.webp","generic","service","wildwood-crest","Blue Lawns outdoor property care and landscaping services in Wildwood Crest, Cape May County",3479.8,MEDIUM
98,"64e2e8d863b2f660d8bd17ea_2989%201st%20(7%20of%2025)-min-p-1080.jpg","blue-lawns-north-wildwood-generic-service-98.webp","generic","service","north-wildwood","Blue Lawns outdoor property care and landscaping services in North Wildwood, Cape May County",203.2,MEDIUM
99,"64e2e8d863b2f660d8bd17ea_2989%201st%20(7%20of%2025)-min-p-1600.jpg","blue-lawns-cape-may-court-house-generic-service-99.webp","generic","service","cape-may-court-house","Blue Lawns outdoor property care and landscaping services in Cape May Court House, Cape May County",434.6,MEDIUM
100,"64e2e8d863b2f660d8bd17ea_2989%201st%20(7%20of%2025)-min-p-2000.jpg","blue-lawns-rio-grande-generic-service-100.webp","generic","service","rio-grande","Blue Lawns outdoor property care and landscaping services in Rio Grande, Cape May County",653.8,MEDIUM
101,"64e2e8d863b2f660d8bd17ea_2989%201st%20(7%20of%2025)-min-p-2600.jpg","blue-lawns-ocean-view-generic-service-101.webp","generic","service","ocean-view","Blue Lawns outdoor property care and landscaping services in Ocean View, Cape May County",1080.6,MEDIUM
102,"64e2e8d863b2f660d8bd17ea_2989%201st%20(7%20of%2025)-min-p-3200.jpg","blue-lawns-cape-may-generic-service-102.webp","generic","service","cape-may","Blue Lawns outdoor property care and landscaping services in Cape May, Cape May County",1592.8,MEDIUM
103,"64e2e8d863b2f660d8bd17ea_2989%201st%20(7%20of%2025)-min-p-500.jpg","blue-lawns-avalon-generic-service-103.webp","generic","service","avalon","Blue Lawns outdoor property care and landscaping services in Avalon, Cape May County",46.6,MEDIUM
104,"64e2e8d863b2f660d8bd17ea_2989%201st%20(7%20of%2025)-min-p-800.jpg","blue-lawns-stone-harbor-generic-service-104.webp","generic","service","stone-harbor","Blue Lawns outdoor property care and landscaping services in Stone Harbor, Cape May County",116.4,MEDIUM
105,"64e2e8d863b2f660d8bd17ea_2989%201st%20(7%20of%2025)-min.jpg","blue-lawns-sea-isle-city-generic-service-105.webp","generic","service","sea-isle-city","Blue Lawns outdoor property care and landscaping services in Sea Isle City, Cape May County",3730.8,MEDIUM
106,"64e2e8d8e41da63fe4a6fe21_2989%201st%20(14%20of%2025)-min-p-1080.jpg","blue-lawns-wildwood-generic-service-106.webp","generic","service","wildwood","Blue Lawns outdoor property care and landscaping services in Wildwood, Cape May County",261.8,MEDIUM
107,"64e2e8d8e41da63fe4a6fe21_2989%201st%20(14%20of%2025)-min-p-1600.jpg","blue-lawns-wildwood-crest-generic-service-107.webp","generic","service","wildwood-crest","Blue Lawns outdoor property care and landscaping services in Wildwood Crest, Cape May County",530.3,MEDIUM
108,"64e2e8d8e41da63fe4a6fe21_2989%201st%20(14%20of%2025)-min-p-2000.jpg","blue-lawns-north-wildwood-generic-service-108.webp","generic","service","north-wildwood","Blue Lawns outdoor property care and landscaping services in North Wildwood, Cape May County",768.5,MEDIUM
109,"64e2e8d8e41da63fe4a6fe21_2989%201st%20(14%20of%2025)-min-p-2600.jpg","blue-lawns-cape-may-court-house-generic-service-109.webp","generic","service","cape-may-court-house","Blue Lawns outdoor property care and landscaping services in Cape May Court House, Cape May County",1192.9,MEDIUM
110,"64e2e8d8e41da63fe4a6fe21_2989%201st%20(14%20of%2025)-min-p-3200.jpg","blue-lawns-rio-grande-generic-service-110.webp","generic","service","rio-grande","Blue Lawns outdoor property care and landscaping services in Rio Grande, Cape May County",1677.8,MEDIUM
111,"64e2e8d8e41da63fe4a6fe21_2989%201st%20(14%20of%2025)-min-p-500.jpg","blue-lawns-ocean-view-generic-service-111.webp","generic","service","ocean-view","Blue Lawns outdoor property care and landscaping services in Ocean View, Cape May County",63.4,MEDIUM
112,"64e2e8d8e41da63fe4a6fe21_2989%201st%20(14%20of%2025)-min-p-800.jpg","blue-lawns-cape-may-generic-service-112.webp","generic","service","cape-may","Blue Lawns outdoor property care and landscaping services in Cape May, Cape May County",153.7,MEDIUM
113,"64e2e8d8e41da63fe4a6fe21_2989%201st%20(14%20of%2025)-min.jpg","blue-lawns-avalon-generic-service-113.webp","generic","service","avalon","Blue Lawns outdoor property care and landscaping services in Avalon, Cape May County",3258.0,MEDIUM
114,"64ecf2bbff0f1a59b1d11724_1-p-1080.jpg","blue-lawns-stone-harbor-generic-service-114.webp","generic","service","stone-harbor","Blue Lawns outdoor property care and landscaping services in Stone Harbor, Cape May County",185.5,MEDIUM
115,"64ecf2bbff0f1a59b1d11724_1-p-500.jpg","blue-lawns-sea-isle-city-generic-service-115.webp","generic","service","sea-isle-city","Blue Lawns outdoor property care and landscaping services in Sea Isle City, Cape May County",43.7,MEDIUM
116,"64ecf2bbff0f1a59b1d11724_1-p-800.jpg","blue-lawns-wildwood-generic-service-116.webp","generic","service","wildwood","Blue Lawns outdoor property care and landscaping services in Wildwood, Cape May County",106.0,MEDIUM
117,"64ecf2bbff0f1a59b1d11724_1.jpg","blue-lawns-wildwood-crest-generic-service-117.webp","generic","service","wildwood-crest","Blue Lawns outdoor property care and landscaping services in Wildwood Crest, Cape May County",526.6,MEDIUM
118,"64ecf316aff40c0051ee4a96_2.jpg","blue-lawns-north-wildwood-generic-service-118.webp","generic","service","north-wildwood","Blue Lawns outdoor property care and landscaping services in North Wildwood, Cape May County",706.6,MEDIUM
119,"64ecf323aff40c0051ee5f15_3.jpg","blue-lawns-cape-may-court-house-generic-service-119.webp","generic","service","cape-may-court-house","Blue Lawns outdoor property care and landscaping services in Cape May Court House, Cape May County",531.4,MEDIUM
120,"654ce4874b15721fa93103cc_64a9fddd-564d-49f2-a1b9-081d5092f46a.jpeg","blue-lawns-rio-grande-generic-service-120.webp","generic","service","rio-grande","Blue Lawns outdoor property care and landscaping services in Rio Grande, Cape May County",2208.5,MEDIUM
121,"654ce4878fc7bb49388c3b49_ac4bf33a-da24-4678-9d94-836461cb24b1.jpeg","blue-lawns-ocean-view-generic-service-121.webp","generic","service","ocean-view","Blue Lawns outdoor property care and landscaping services in Ocean View, Cape May County",922.4,MEDIUM
122,"654ce8c0dd847ecd49af11d3_Vibrant%20green%20lawn.jpg","blue-lawns-cape-may-lawn-care-service-122.webp","lawn-care","service","cape-may","Professional lawn care and maintenance services by Blue Lawns in Cape May, Cape May County",2747.8,MEDIUM
123,"654ce8ef71beadb8e10ce5cd_Beautifully%20landscaped%20garden.jpg","blue-lawns-avalon-landscaping-service-123.webp","landscaping","service","avalon","Custom landscaping design and installation by expert team in Avalon, New Jersey",1392.6,MEDIUM
124,"654ce983e6cf60d225f15f65_Proper%20care%20during%20the%20fall.jpg","blue-lawns-stone-harbor-seasonal-cleanup-service-124.webp","seasonal-cleanup","service","stone-harbor","Seasonal yard cleanup and maintenance services for homes in Stone Harbor, New Jersey",2267.8,MEDIUM
125,"654cf105a7b7de79c5be413e_Ensure%20your%20garden%20is%20prepared%20for%20every%20season-p-1080.jpg","blue-lawns-sea-isle-city-landscaping-service-125.webp","landscaping","service","sea-isle-city","Custom landscaping design and installation by expert team in Sea Isle City, New Jersey",115.2,MEDIUM
126,"654cf105a7b7de79c5be413e_Ensure%20your%20garden%20is%20prepared%20for%20every%20season-p-1600.jpg","blue-lawns-wildwood-landscaping-service-126.webp","landscaping","service","wildwood","Custom landscaping design and installation by expert team in Wildwood, New Jersey",203.6,MEDIUM
127,"654cf105a7b7de79c5be413e_Ensure%20your%20garden%20is%20prepared%20for%20every%20season-p-2000.jpg","blue-lawns-wildwood-crest-landscaping-service-127.webp","landscaping","service","wildwood-crest","Custom landscaping design and installation by expert team in Wildwood Crest, New Jersey",283.9,MEDIUM
128,"654cf105a7b7de79c5be413e_Ensure%20your%20garden%20is%20prepared%20for%20every%20season-p-2600.jpg","blue-lawns-north-wildwood-landscaping-service-128.webp","landscaping","service","north-wildwood","Custom landscaping design and installation by expert team in North Wildwood, New Jersey",425.0,MEDIUM
129,"654cf105a7b7de79c5be413e_Ensure%20your%20garden%20is%20prepared%20for%20every%20season-p-500.jpg","blue-lawns-cape-may-court-house-landscaping-service-129.webp","landscaping","service","cape-may-court-house","Custom landscaping design and installation by expert team in Cape May Court House, New Jersey",37.8,MEDIUM
130,"654cf105a7b7de79c5be413e_Ensure%20your%20garden%20is%20prepared%20for%20every%20season-p-800.jpg","blue-lawns-rio-grande-landscaping-service-130.webp","landscaping","service","rio-grande","Custom landscaping design and installation by expert team in Rio Grande, New Jersey",75.2,MEDIUM
131,"654cf105a7b7de79c5be413e_Ensure%20your%20garden%20is%20prepared%20for%20every%20season.jpg","blue-lawns-ocean-view-landscaping-service-131.webp","landscaping","service","ocean-view","Custom landscaping design and installation by expert team in Ocean View, New Jersey",1169.1,MEDIUM
132,"654cf13716f06cb601335346_e4e86248-4749-48fa-9641-b1b97e6d43c6.jpeg","blue-lawns-cape-may-generic-service-132.webp","generic","service","cape-may","Blue Lawns outdoor property care and landscaping services in Cape May, Cape May County",1402.8,MEDIUM
133,"654cf137362fc31b3859583c_eec0e00b-9253-4c49-9221-3774103df192.png","blue-lawns-avalon-generic-service-133.webp","generic","service","avalon","Blue Lawns outdoor property care and landscaping services in Avalon, Cape May County",17.5,MEDIUM
134,"654cf13749fb75f50ba16ab8_e6abb255-7011-4554-b93f-8cb0c3e7f3eb.jpeg","blue-lawns-stone-harbor-generic-service-134.webp","generic","service","stone-harbor","Blue Lawns outdoor property care and landscaping services in Stone Harbor, Cape May County",634.5,MEDIUM
135,"654cf137632bc2a7f1c8e6a9_dfff62f3-9c34-44dc-9228-61633983480e.jpeg","blue-lawns-sea-isle-city-generic-service-135.webp","generic","service","sea-isle-city","Blue Lawns outdoor property care and landscaping services in Sea Isle City, Cape May County",12.9,MEDIUM
136,"654cf13771547d03459300a9_cf1573da-79c2-4620-ba70-5aaec7169e51.jpeg","blue-lawns-wildwood-generic-service-136.webp","generic","service","wildwood","Blue Lawns outdoor property care and landscaping services in Wildwood, Cape May County",11.2,MEDIUM
137,"654cf1377c443ddd48f1901b_0b36d0ee-1b7a-4fd3-95ed-c0cd925d8b83.jpeg","blue-lawns-wildwood-crest-generic-service-137.webp","generic","service","wildwood-crest","Blue Lawns outdoor property care and landscaping services in Wildwood Crest, Cape May County",1238.0,MEDIUM
138,"654cf13793a842f633fa52f0_photo-1524179091875-bf99a9a6af57.jpeg","blue-lawns-north-wildwood-generic-service-138.webp","generic","service","north-wildwood","Blue Lawns outdoor property care and landscaping services in North Wildwood, Cape May County",65.7,MEDIUM
139,"654cf1379947eef1b3f01cb5_34e60a83-c929-4f6e-8506-ae39e88a2cf6.jpeg","blue-lawns-cape-may-court-house-generic-service-139.webp","generic","service","cape-may-court-house","Blue Lawns outdoor property care and landscaping services in Cape May Court House, Cape May County",51.0,MEDIUM
140,"654cf137a88615b8ffb12ae5_da7ba76b-89bb-486c-b23a-f410a1c92e81.jpeg","blue-lawns-rio-grande-generic-service-140.webp","generic","service","rio-grande","Blue Lawns outdoor property care and landscaping services in Rio Grande, Cape May County",3278.2,MEDIUM
141,"654cf137ac3e00494039b654_a3672508-8df6-4895-beff-dfb50488fcb7.jpeg","blue-lawns-ocean-view-generic-service-141.webp","generic","service","ocean-view","Blue Lawns outdoor property care and landscaping services in Ocean View, Cape May County",396.9,MEDIUM
142,"654cf137c664380edf3f7fcc_83581759-1484-475c-8e3f-6aeed3fbd65a.jpeg","blue-lawns-cape-may-generic-service-142.webp","generic","service","cape-may","Blue Lawns outdoor property care and landscaping services in Cape May, Cape May County",38.1,MEDIUM
143,"654cf137c881c8c725fea856_f33e00f9-73a1-4e38-8bcc-125dab85280f.jpeg","blue-lawns-avalon-generic-service-143.webp","generic","service","avalon","Blue Lawns outdoor property care and landscaping services in Avalon, Cape May County",2995.6,MEDIUM
144,"654cf137f60c6aba42f7339e_395f143d-fa48-4060-b962-96f992953b06.jpeg","blue-lawns-stone-harbor-generic-service-144.webp","generic","service","stone-harbor","Blue Lawns outdoor property care and landscaping services in Stone Harbor, Cape May County",2440.4,MEDIUM
145,"654cf2314f46e57d2c9acf35_Brussels%20sprouts%2C%20swiss%20chard%2C%20and%20kale%20are%20excellent%20choices%20for%20winter%20gardening.jpg","blue-lawns-sea-isle-city-landscaping-service-145.webp","landscaping","service","sea-isle-city","Custom landscaping design and installation by expert team in Sea Isle City, New Jersey",1323.7,MEDIUM
146,"654cf3888338d5f437bce6ca_Ensure%20proper%20watering%20year-round..jpg","blue-lawns-wildwood-generic-service-146.webp","generic","service","wildwood","Blue Lawns outdoor property care and landscaping services in Wildwood, Cape May County",1873.3,MEDIUM
147,"657772391cb9c63fd7a9823f_2aa6beee-7590-492b-bc45-6a1a0dc529e2.jpeg","blue-lawns-wildwood-crest-generic-service-147.webp","generic","service","wildwood-crest","Blue Lawns outdoor property care and landscaping services in Wildwood Crest, Cape May County",2633.2,MEDIUM
148,"657772394a5d3d0af7ecb5cf_c163e814-f650-4887-ba46-a3825ea7ddc7.jpeg","blue-lawns-north-wildwood-generic-service-148.webp","generic","service","north-wildwood","Blue Lawns outdoor property care and landscaping services in North Wildwood, Cape May County",794.2,MEDIUM
149,"65777239d260489674f042b1_7294471c-db9d-40c7-b844-f1b822ea0c59.jpeg","blue-lawns-cape-may-court-house-generic-service-149.webp","generic","service","cape-may-court-house","Blue Lawns outdoor property care and landscaping services in Cape May Court House, Cape May County",2660.6,MEDIUM
150,"65777380ea2a9393f42ca205_Preparing%20the%20Soil.jpg","blue-lawns-rio-grande-generic-service-150.webp","generic","service","rio-grande","Blue Lawns outdoor property care and landscaping services in Rio Grande, Cape May County",3405.6,MEDIUM
151,"657774344831546d8c38bc87_Watering%20and%20Drainage%20.jpg","blue-lawns-ocean-view-generic-service-151.webp","generic","service","ocean-view","Blue Lawns outdoor property care and landscaping services in Ocean View, Cape May County",1891.6,MEDIUM
152,"657774e0fe57b65df178fc07_Harvesting%20Your%20Vegetables-p-1080.jpg","blue-lawns-cape-may-generic-service-152.webp","generic","service","cape-may","Blue Lawns outdoor property care and landscaping services in Cape May, Cape May County",163.7,MEDIUM
153,"657774e0fe57b65df178fc07_Harvesting%20Your%20Vegetables-p-1600.jpg","blue-lawns-avalon-generic-service-153.webp","generic","service","avalon","Blue Lawns outdoor property care and landscaping services in Avalon, Cape May County",301.6,MEDIUM
154,"657774e0fe57b65df178fc07_Harvesting%20Your%20Vegetables-p-2000.jpg","blue-lawns-stone-harbor-generic-service-154.webp","generic","service","stone-harbor","Blue Lawns outdoor property care and landscaping services in Stone Harbor, Cape May County",419.7,MEDIUM
155,"657774e0fe57b65df178fc07_Harvesting%20Your%20Vegetables-p-2600.jpg","blue-lawns-sea-isle-city-generic-service-155.webp","generic","service","sea-isle-city","Blue Lawns outdoor property care and landscaping services in Sea Isle City, Cape May County",626.7,MEDIUM
156,"657774e0fe57b65df178fc07_Harvesting%20Your%20Vegetables-p-3200.jpg","blue-lawns-wildwood-generic-service-156.webp","generic","service","wildwood","Blue Lawns outdoor property care and landscaping services in Wildwood, Cape May County",857.1,MEDIUM
157,"657774e0fe57b65df178fc07_Harvesting%20Your%20Vegetables-p-500.jpg","blue-lawns-wildwood-crest-generic-service-157.webp","generic","service","wildwood-crest","Blue Lawns outdoor property care and landscaping services in Wildwood Crest, Cape May County",48.1,MEDIUM
158,"657774e0fe57b65df178fc07_Harvesting%20Your%20Vegetables-p-800.jpg","blue-lawns-north-wildwood-generic-service-158.webp","generic","service","north-wildwood","Blue Lawns outdoor property care and landscaping services in North Wildwood, Cape May County",100.7,MEDIUM
159,"657774e0fe57b65df178fc07_Harvesting%20Your%20Vegetables.jpg","blue-lawns-cape-may-court-house-generic-service-159.webp","generic","service","cape-may-court-house","Blue Lawns outdoor property care and landscaping services in Cape May Court House, Cape May County",2555.4,MEDIUM
160,"app-all-in-one-reviews-icons-google-multicolor-stroke.svg","blue-lawns-rio-grande-generic-testimonial-160.webp","generic","testimonial","rio-grande","Blue Lawns outdoor property care and landscaping services in Rio Grande, Cape May County",1.0,NORMAL
161,"app-all-in-one-reviews-icons-google-multicolor.svg","blue-lawns-ocean-view-generic-testimonial-161.webp","generic","testimonial","ocean-view","Blue Lawns outdoor property care and landscaping services in Ocean View, Cape May County",0.7,NORMAL
162,"app-all-in-one-reviews-logos-google-logo-multicolor.svg","blue-lawns-cape-may-generic-testimonial-162.webp","generic","testimonial","cape-may","Blue Lawns outdoor property care and landscaping services in Cape May, Cape May County",2.0,NORMAL